{
	"Changes": [
		{
			"Action": "EditData",
			"Target": "Data/Objects",
			"Entries": {
				"{{ModId}}_Animals_CrabEgg_Iridium": {
					"Name": "Iridium Crab Egg",
					"DisplayName": "Iridium Crab Egg",
					"Description": "A hard rock-like egg. Slightly purple in color.",
					"Type": "Basic",
					"Category": "-20",
					"Price": 180,
					"Edibility": -20,
					"ContextTags": [
						"{{ModId}}"
					],
					"Texture": "{{InternalAssetKey: assets/Animals/IridiumCrabEgg.png}}",
					"SpriteIndex": 0
				}
			}
		},
		{
			"Action": "EditData",
			"Target": "Data/Monsters",
			"TextOperations": [
				{
					"Operation": "Append",
					"Target": [
						"Fields",
						"Iridium Crab",
						6
					],
					"Value": "{{ModId}}_Animals_CrabEgg_Iridium .05",
					"Delimiter": " "
				}
			]
		},
		{
			"Action": "EditData",
			"Target": "Data/NPCGiftTastes",
			"TextOperations": [
				{
					"Operation": "Append",
					"Target": [
						"Entries",
						"Universal_Hate"
					],
					"Value": "{{ModId}}_Animals_CrabEgg_Iridium",
					"Delimiter": " "
				}
			]
		},
		{
			"Action": "EditData",
			"Target": "Data/FarmAnimals",
			"Entries": {
				"{{ModId}}_IridiumCrab": {
					"DisplayName": "Iridium Crab",
					"House": "Coop",
					"Gender": "MaleOrFemale",
					"PurchasePrice": 1600,
					"SellPrice": 3200,
					"ShopTexture": "{{InternalAssetKey: assets/Animals/animalShopImages.png}}",
					"ShopSourceRect": {
						"X": 0,
						"Y": 64,
						"Width": 32,
						"Height": 16
					},
					"ShopDisplayName": "Iridium Crab",
					"ShopDescription": "Adults grow ore on their shell, which can be scrapped off with a set of shears. Happy rock crabs produce extreamly pure metal.",
					"ShopMissingBuildingDescription": "No home available for this crab.",
					"RequiredBuilding": "Deluxe Coop",
					"UnlockCondition": "MINE_LOWEST_LEVEL_REACHED 120",
					"EggItemIds": [
						"{{ModId}}_Animals_CrabEgg_Iridium"
					],
					"IncubationTime": 8640,
					"IncubatorParentSheetOffset": 1,
					"BirthText": "A crab was born.",
					"DaysToMature": 3,
					"CanGetPregnant": true,
					"DaysToProduce": 2,
					"HarvestType": "HarvestWithTool",
					"HarvestTool": "Shears",
					"ProduceItemIds": [
						{
							"Id": "Larva",
							"ItemId": "{{ModId}}_Animals_CrabEgg_Iridium",
							"Condition": "RANDOM 0.2"
						},
						{
							"Id": "Default",
							"ItemId": "386"
						}
					],
					"DeluxeProduceItemIds": [
						{
							"Id": "Larva",
							"ItemId": "{{ModId}}_Animals_CrabEgg_Iridium",
							"Condition": "RANDOM 0.3"
						},
						{
							"Id": "Default",
							"ItemId": "{{ModId}}_OreCluster_Iridium"
						}
					],
					"ProduceOnMature": false,
					"FriendshipForFasterProduce": -1,
					"DeluxeProduceMinimumFriendship": 200,
					"DeluxeProduceCareDivisor": 1200.0,
					"DeluxeProduceLuckMultiplier": 0.0,
					"ProfessionForHappinessBoost": -1,
					"ProfessionForQualityBoost": -1,
					"ProfessionForFasterProduce": -1,
					"Sound": "stoneCrack",
					"BabySound": "stoneCrack",
					"Texture": "{{InternalAssetKey: assets/Animals/IridiumCrabFarmAnimal.png}}",
					"HarvestedTexture": "{{InternalAssetKey: assets/Animals/IridiumCrabFarmAnimalSheared.png}}",
					"BabyTexture": "{{InternalAssetKey: assets/Animals/IridiumCrabFarmAnimalBaby.png}}",
					"UseFlippedRightForLeft": false,
					"SpriteWidth": 16,
					"SpriteHeight": 16,
					"EmoteOffset": {
						"X": 0,
						"Y": -16
					},
					"SwimOffset": {
						"X": 0,
						"Y": 112
					},
					"Skins": null,
					"ShadowWhenBabySwims": null,
					"ShadowWhenBaby": null,
					"ShadowWhenAdultSwims": null,
					"ShadowWhenAdult": null,
					"CanSwim": false,
					"BabiesFollowAdults": true,
					"GrassEatAmount": 1,
					"HappinessDrain": 7,
					"UpDownPetHitboxTileSize": "1, 1",
					"LeftRightPetHitboxTileSize": "1, 1",
					"BabyUpDownPetHitboxTileSize": "1, 1",
					"BabyLeftRightPetHitboxTileSize": "1, 1",
					"StatToIncrementOnProduce": [],
					"ShowInSummitCredits": false,
					"CustomFields": null
				}
			}
		}
	]
}