{
    "Changes": [
        {
            "Action": "EditData",
            "Target": "Data/Objects",
            "Entries": {
                "{{ModId}}_CarrotMash": {
                    "Name": "Carrot Mash",
                    "DisplayName": "Carrot Mash",
                    "Description": "Mash made from cave carrots and a special cave fungus.",
                    "Price": 25,
                    "Type": "Basic",
                    "Category": -25,
                    "Edibility": -300,
                    "Texture": "{{InternalAssetKey: assets/Objects/Misc/carrotMash.png}}",
                    "SpriteIndex": 0
                },
                "{{ModId}}_Drinks_DwarvenSpirits": {
                    "Name": "Dwarven Spirits",
                    "DisplayName": "Dwarven Spirits",
                    "Description": "Traditional Dwarven Spirits. Why are they green?",
                    "Price": 50,
                    "Type": "Crafting",
                    "Category": -26,
                    "Edibility": 30,
                    "IsDrink": true,
                    "Buffs": [
                        {
                            "Id": "loss",
                            "Duration": 300,
                            "CustomAttributes": {
                                "LuckLevel": 1
                            }
                        }
                    ],
                    "Texture": "{{InternalAssetKey: assets/Objects/Drinks/spirits.png}}",
                    "SpriteIndex": 0
                },
                "{{ModId}}_Drinks_InfusedSpirits": {
                    "Name": "Infused Dwarven Spirits",
                    "DisplayName": "Infused Dwarven Spirits",
                    "Description": "Dwarven Spirits infused with the magical energy of the the deep earth.",
                    "Price": 200,
                    "Type": "Crafting",
                    "Category": -26,
                    "Edibility": 150,
                    "IsDrink": true,
                    "Buffs": [
                        {
                            "Id": "loss",
                            "Duration": 300,
                            "CustomAttributes": {
                                "LuckLevel": 2
                            }
                        }
                    ],
                    "ContextTags": [
                        "{{ModId}}"
                    ],
                    "Texture": "{{InternalAssetKey: assets/Objects/Drinks/infused_spirits.png}}",
                    "SpriteIndex": 0
                },
                "{{ModId}}_Potions_DistilledSunlight": {
                    "Name": "Distilled Sunlight",
                    "DisplayName": "Distilled Sunlight",
                    "Description": "A potion brewed from a captured rays of the noon-day sun.",
                    "Price": 800,
                    "Type": "Crafting",
                    "Category": -26,
                    "Edibility": 110,
                    "IsDrink": true,
                    "Buffs": [
                        {
                            "Id": "loss",
                            "Duration": 120,
                            "CustomAttributes": {
                                "Speed": 3
                            }
                        }
                    ],
                    "ContextTags": [
                        "{{ModId}}"
                    ],
                    "Texture": "{{InternalAssetKey: assets/Objects/Potions/DistilledSunlight.png}}",
                    "SpriteIndex": 0
                },
                "{{ModId}}_Potions_FarmersDraught": {
                    "Name": "Farmers Draught",
                    "DisplayName": "Farmers Draught",
                    "Description": "The essence of growing plants in drinkable form.",
                    "Price": 350,
                    "Type": "Crafting",
                    "Category": -26,
                    "Edibility": 60,
                    "IsDrink": true,
                    "Buffs": [
                        {
                            "Id": "loss",
                            "Duration": 360,
                            "CustomAttributes": {
                                "FarmingLevel": 3
                            }
                        }
                    ],
                    "ContextTags": [
                        "{{ModId}}"
                    ],
                    "Texture": "{{InternalAssetKey: assets/Objects/Potions/FarmersDraught.png}}",
                    "SpriteIndex": 0
                },
                "{{ModId}}_Potions_FishermansBrew": {
                    "Name": "Fishermans Brew",
                    "DisplayName": "Fishermans Brew",
                    "Description": "The magic of the lakes and streams flows through this drink.",
                    "Price": 200,
                    "Type": "Crafting",
                    "Category": -26,
                    "Edibility": 55,
                    "IsDrink": true,
                    "Buffs": [
                        {
                            "Id": "loss",
                            "Duration": 360,
                            "CustomAttributes": {
                                "FishingLevel": 3
                            }
                        }
                    ],
                    "ContextTags": [
                        "{{ModId}}"
                    ],
                    "Texture": "{{InternalAssetKey: assets/Objects/Potions/FishermansBrew.png}}",
                    "SpriteIndex": 0
                },
                "{{ModId}}_Potions_MinersDrink": {
                    "Name": "Miners Drink",
                    "DisplayName": "Miners Drink",
                    "Description": "The magic of the earth in bottle form, a common morning drink for dwarves.",
                    "Price": 240,
                    "Type": "Crafting",
                    "Category": -26,
                    "Edibility": 55,
                    "IsDrink": true,
                    "Buffs": [
                        {
                            "Id": "loss",
                            "Duration": 360,
                            "CustomAttributes": {
                                "MiningLevel": 3
                            }
                        }
                    ],
                    "ContextTags": [
                        "{{ModId}}"
                    ],
                    "Texture": "{{InternalAssetKey: assets/Objects/Potions/MinersDrink.png}}",
                    "SpriteIndex": 0
                },
                "{{ModId}}_Potions_OnePerfectDay": {
                    "Name": "One Perfect Day",
                    "DisplayName": "One Perfect Day",
                    "Description": "This drink has everything, but it is exhorbintly expensive to make.",
                    "Price": 5000,
                    "Type": "Crafting",
                    "Category": -26,
                    "Edibility": 400,
                    "IsDrink": true,
                    "Buffs": [
                        {
                            "Id": "loss",
                            "Duration": 1080,
                            "CustomAttributes": {
                                "FarmingLevel": 3,
                                "ForagingLevel": 3,
                                "MiningLevel": 3,
                                "FishingLevel": 3,
                                "LuckLevel": 3,
                                "Attack": 4,
                                "Defense": 5,
                                "MagnetRadius": 96,
                                "Speed": 3,
                                "MaxStamina": 150,
                                "MaxHealth": 20
                            }
                        }
                    ],
                    "ContextTags": [
                        "{{ModId}}"
                    ],
                    "Texture": "{{InternalAssetKey: assets/Objects/Potions/OnePerfectDay.png}}",
                    "SpriteIndex": 0
                },
                "{{ModId}}_Potions_ShadowedElixir": {
                    "Name": "Shadowed Elixir",
                    "DisplayName": "Shadowed Elixir",
                    "Description": "A potion infused with dark energy. Helps the adventurous dwarf in battle.",
                    "Price": 1200,
                    "Type": "Crafting",
                    "Category": -26,
                    "Edibility": 80,
                    "IsDrink": true,
                    "Buffs": [
                        {
                            "Id": "loss",
                            "Duration": 360,
                            "CustomAttributes": {                                
                                "Defense": 3,
                                "MaxStamina": 50,
                                "MaxHealth": 10
                            }
                        }
                    ],
                    "ContextTags": [
                        "{{ModId}}"
                    ],
                    "Texture": "{{InternalAssetKey: assets/Objects/Potions/ShadowedElixir.png}}",
                    "SpriteIndex": 0
                },
                "{{ModId}}_Potions_SwordsmansElixir": {
                    "Name": "Swordsmans Elixir",
                    "DisplayName": "Swordsmans Elixir",
                    "Description": "A drink dripping with speed and power. A swordsman's best friend.",
                    "Price": 465,
                    "Type": "Crafting",
                    "Category": -26,
                    "Edibility": 125,
                    "IsDrink": true,
                    "Buffs": [
                        {
                            "Id": "loss",
                            "Duration": 360,
                            "CustomAttributes": {                                
                                "Attack": 3                                
                            }
                        }
                    ],
                    "ContextTags": [
                        "{{ModId}}"
                    ],
                    "Texture": "{{InternalAssetKey: assets/Objects/Potions/ShadowedElixir.png}}",
                    "SpriteIndex": 0
                },
                "{{ModId}}_Potions_WoodmansTonic": {
                    "Name": "Woodmans Tonic",
                    "DisplayName": "Woodmans Tonic",
                    "Description": "The magical drink the smells of root and loam.",
                    "Price": 260,
                    "Type": "Crafting",
                    "Category": -26,
                    "Edibility": 45,
                    "IsDrink": true,
                    "Buffs": [
                        {
                            "Id": "loss",
                            "Duration": 360,
                            "CustomAttributes": {
                                "ForagingLevel": 3
                            }
                        }
                    ],
                    "ContextTags": [
                        "{{ModId}}"
                    ],
                    "Texture": "{{InternalAssetKey: assets/Objects/Potions/WoodmansTonic.png}}",
                    "SpriteIndex": 0
                },
                "{{ModId}}_OreCluster_Copper": {
                    "Name": "Copper Cluster",
                    "DisplayName": "Copper Cluster",
                    "Description": "A cluster of very pure copper ore",
                    "Type": "Minerals",
                    "Price": 25,
                    "Category": "-15",
                    "Edibility": -300,
                    "ContextTags": [
                        "{{ModId}}",
                        "{{ModId}}_orecluster"
                    ],
                    "Texture": "{{InternalAssetKey: assets/Objects/OreCluster/CopperCluster.png}}",
                    "SpriteIndex": 0
                },
                "{{ModId}}_OreCluster_Iron": {
                    "Name": "Iron Cluster",
                    "DisplayName": "Iron Cluster",
                    "Description": "A cluster of very pure iron ore",
                    "Type": "Minerals",
                    "Price": 75,
                    "Category": "-15",
                    "Edibility": -300,
                    "ContextTags": [
                        "{{ModId}}",
                        "{{ModId}}_orecluster"
                    ],
                    "Texture": "{{InternalAssetKey: assets/Objects/OreCluster/IronCluster.png}}",
                    "SpriteIndex": 0
                },
                "{{ModId}}_OreCluster_Gold": {
                    "Name": "Gold Cluster",
                    "DisplayName": "Gold Cluster",
                    "Description": "A cluster of very pure gold ore",
                    "Type": "Minerals",
                    "Price": 125,
                    "Category": "-15",
                    "Edibility": -300,
                    "ContextTags": [
                        "{{ModId}}",
                        "{{ModId}}_orecluster"
                    ],
                    "Texture": "{{InternalAssetKey: assets/Objects/OreCluster/GoldCluster.png}}",
                    "SpriteIndex": 0
                },
                "{{ModId}}_OreCluster_Iridium": {
                    "Name": "Iridium Cluster",
                    "DisplayName": "Iridium Cluster",
                    "Description": "A cluster of very pure Iridium ore",
                    "Type": "Minerals",
                    "Price": 500,
                    "Category": "-15",
                    "Edibility": -300,
                    "ContextTags": [
                        "{{ModId}}",
                        "{{ModId}}_orecluster"
                    ],
                    "Texture": "{{InternalAssetKey: assets/Objects/OreCluster/IridiumCluster.png}}",
                    "SpriteIndex": 0
                },
                "{{ModId}}_MineralDust_CopperDust": {
                    "Name": "Copper Dust",
                    "DisplayName": "Copper Dust",
                    "Description": "Dust from ground copper ore.",
                    "Type": "Minerals",
                    "Price": 5,
                    "Category": "-15",
                    "Edibility": -300,
                    "ContextTags": [
                        "{{ModId}}",
                        "{{ModId}}_oredust"
                    ],
                    "Texture": "{{InternalAssetKey: assets/Objects/MineralDust/Copper.png}}",
                    "SpriteIndex": 0
                },
                "{{ModId}}_MineralDust_IronDust": {
                    "Name": "Iron Dust",
                    "DisplayName": "Iron Dust",
                    "Description": "Dust from ground iron ore.",
                    "Type": "Minerals",
                    "Price": 10,
                    "Category": "-15",
                    "Edibility": -300,
                    "ContextTags": [
                        "{{ModId}}",
                        "{{ModId}}_oredust"
                    ],
                    "Texture": "{{InternalAssetKey: assets/Objects/MineralDust/Iron.png}}",
                    "SpriteIndex": 0
                },
                "{{ModId}}_MineralDust_GoldDust": {
                    "Name": "Gold Dust",
                    "DisplayName": "Gold Dust",
                    "Description": "Dust from ground gold ore.",
                    "Type": "Minerals",
                    "Price": 25,
                    "Category": "-15",
                    "Edibility": -300,
                    "ContextTags": [
                        "{{ModId}}",
                        "{{ModId}}_oredust"
                    ],
                    "Texture": "{{InternalAssetKey: assets/Objects/MineralDust/Gold.png}}",
                    "SpriteIndex": 0
                },
                "{{ModId}}_MineralDust_IridiumDust": {
                    "Name": "Iridium Dust",
                    "DisplayName": "Iridium Dust",
                    "Description": "Dust from ground iridium ore.",
                    "Type": "Minerals",
                    "Price": 100,
                    "Category": "-15",
                    "Edibility": -300,
                    "ContextTags": [
                        "{{ModId}}",
                        "{{ModId}}_oredust"
                    ],
                    "Texture": "{{InternalAssetKey: assets/Objects/MineralDust/Iridium.png}}",
                    "SpriteIndex": 0
                },
                "{{ModId}}_MineralDust_EmeraldDust": {
                    "Name": "Emerald Dust",
                    "DisplayName": "Emerald Dust",
                    "Description": "Dust from ground emerald.",
                    "Type": "Minerals",
                    "Price": 250,
                    "Category": "-2",
                    "Edibility": -300,
                    "ContextTags": [
                        "{{ModId}}",
                        "{{ModId}}_gemdust",
                        "{{ModId}}_gemquality_high"
                    ],
                    "Texture": "{{InternalAssetKey: assets/Objects/MineralDust/Emerald.png}}",
                    "SpriteIndex": 0
                },
                "{{ModId}}_MineralDust_AquamarineDust": {
                    "Name": "Aquamarine Dust",
                    "DisplayName": "Aquamarine Dust",
                    "Description": "Dust from ground aquamarine.",
                    "Type": "Minerals",
                    "Price": 180,
                    "Category": "-2",
                    "Edibility": -300,
                    "ContextTags": [
                        "{{ModId}}",
                        "{{ModId}}_gemdust",
                        "{{ModId}}_gemquality_medium"
                    ],
                    "Texture": "{{InternalAssetKey: assets/Objects/MineralDust/Aquamarine.png}}",
                    "SpriteIndex": 0
                },
                "{{ModId}}_MineralDust_RubyDust": {
                    "Name": "Ruby Dust",
                    "DisplayName": "Ruby Dust",
                    "Description": "Dust from ground ruby.",
                    "Type": "Minerals",
                    "Price": 250,
                    "Category": "-2",
                    "Edibility": -300,
                    "ContextTags": [
                        "{{ModId}}",
                        "{{ModId}}_gemdust",
                        "{{ModId}}_gemquality_high"
                    ],
                    "Texture": "{{InternalAssetKey: assets/Objects/MineralDust/Ruby.png}}",
                    "SpriteIndex": 0
                },
                "{{ModId}}_MineralDust_AmethystDust": {
                    "Name": "Amethyst Dust",
                    "DisplayName": "Amethyst Dust",
                    "Description": "Dust from ground amethyst.",
                    "Type": "Minerals",
                    "Price": 100,
                    "Category": "-2",
                    "Edibility": -300,
                    "ContextTags": [
                        "{{ModId}}",
                        "{{ModId}}_gemdust",
                        "{{ModId}}_gemquality_low"
                    ],
                    "Texture": "{{InternalAssetKey: assets/Objects/MineralDust/Amethyst.png}}",
                    "SpriteIndex": 0
                },
                "{{ModId}}_MineralDust_TopazDust": {
                    "Name": "Topaz Dust",
                    "DisplayName": "Topaz Dust",
                    "Description": "Dust from ground topaz.",
                    "Type": "Minerals",
                    "Price": 80,
                    "Category": "-2",
                    "Edibility": -300,
                    "ContextTags": [
                        "{{ModId}}",
                        "{{ModId}}_gemdust",
                        "{{ModId}}_gemquality_low"
                    ],
                    "Texture": "{{InternalAssetKey: assets/Objects/MineralDust/Topaz.png}}",
                    "SpriteIndex": 0
                },
                "{{ModId}}_MineralDust_JadeDust": {
                    "Name": "Jade Dust",
                    "DisplayName": "Jade Dust",
                    "Description": "Dust from ground Jade.",
                    "Type": "Minerals",
                    "Price": 200,
                    "Category": "-2",
                    "Edibility": -300,
                    "ContextTags": [
                        "{{ModId}}",
                        "{{ModId}}_gemdust",
                        "{{ModId}}_gemquality_medium"
                    ],
                    "Texture": "{{InternalAssetKey: assets/Objects/MineralDust/Jade.png}}",
                    "SpriteIndex": 0
                },
                "{{ModId}}_MineralDust_DiamondDust": {
                    "Name": "Diamond Dust",
                    "DisplayName": "Diamond Dust",
                    "Description": "Dust from ground diamond.",
                    "Type": "Minerals",
                    "Price": 750,
                    "Category": "-2",
                    "Edibility": -300,
                    "ContextTags": [
                        "{{ModId}}",
                        "{{ModId}}_gemdust",
                        "{{ModId}}_gemquality_perfect"
                    ],
                    "Texture": "{{InternalAssetKey: assets/Objects/MineralDust/Diamond.png}}",
                    "SpriteIndex": 0
                },
                "{{ModId}}_MineralDust_PrismaticDust": {
                    "Name": "Prismatic Dust",
                    "DisplayName": "Prismatic Dust",
                    "Description": "Dust from ground prismatic shards or made from a multitude of gems.",
                    "Type": "Minerals",
                    "Price": 2000,
                    "Category": "-2",
                    "Edibility": -300,
                    "ContextTags": [
                        "{{ModId}}",
                        "{{ModId}}_gemdust",
                        "{{ModId}}_gemquality_perfect"
                    ],
                    "Texture": "{{InternalAssetKey: assets/Objects/MineralDust/Diamond.png}}",
                    "SpriteIndex": 0
                },
                "{{ModId}}_MineralDust_GemstoneDust": {
                    "Name": "Gemstone Dust",
                    "DisplayName": "Gemstone Dust",
                    "Description": "Dust from ground gemstones.",
                    "Type": "Minerals",
                    "Price": 80,
                    "Category": "-2",
                    "Edibility": -300,
                    "ContextTags": [
                        "{{ModId}}",
                        "{{ModId}}_gemdust",
                        "{{ModId}}_gemquality_low"
                    ],
                    "Texture": "{{InternalAssetKey: assets/Objects/MineralDust/Gemstone.png}}",
                    "SpriteIndex": 0
                },
                "{{ModId}}_Jewelry_N_Aerinite": {
                    "Name": "Aerinite Necklace",
                    "DisplayName": "Aerinite Necklace",
                    "Description": "A finely crafted gold necklace set with a chunk of polished aerinite.",
                    "Type": "Basic",
                    "Price": 1125,
                    "Category": "-26",
                    "Edibility": -300,
                    "ContextTags": [
                        "{{ModId}}",
                        "{{ModId}}_jewelry",
                        "category_minerals"
                    ],
                    "Texture": "{{InternalAssetKey: assets/Objects/Jewelry/N_Aerinite.png}}",
                    "SpriteIndex": 0
                },
                "{{ModId}}_Jewelry_N_Alamite": {
                    "Name": "Alamite Necklace",
                    "DisplayName": "Alamite Necklace",
                    "Description": "A finely crafted gold necklace set with a chunk of polished alamite.",
                    "Type": "Basic",
                    "Price": 1200,
                    "Category": "-26",
                    "Edibility": -300,
                    "ContextTags": [
                        "{{ModId}}",
                        "{{ModId}}_jewelry",
                        "category_minerals"
                    ],
                    "Texture": "{{InternalAssetKey: assets/Objects/Jewelry/N_Alamite.png}}",
                    "SpriteIndex": 0
                },
                "{{ModId}}_Jewelry_N_Celestine": {
                    "Name": "Celestine Necklace",
                    "DisplayName": "Celestine Necklace",
                    "Description": "A finely crafted gold necklace set with a chunk of polished celestine.",
                    "Type": "Basic",
                    "Price": 1125,
                    "Category": "-26",
                    "Edibility": -300,
                    "ContextTags": [
                        "{{ModId}}",
                        "{{ModId}}_jewelry",
                        "category_minerals"
                    ],
                    "Texture": "{{InternalAssetKey: assets/Objects/Jewelry/N_Celestine.png}}",
                    "SpriteIndex": 0
                },
                "{{ModId}}_Jewelry_N_Dolomite": {
                    "Name": "Dolomite Necklace",
                    "DisplayName": "Dolomite Necklace",
                    "Description": "A finely crafted gold necklace set with a chunk of polished dolomite.",
                    "Type": "Basic",
                    "Price": 1650,
                    "Category": "-26",
                    "Edibility": -300,
                    "ContextTags": [
                        "{{ModId}}",
                        "{{ModId}}_jewelry",
                        "category_minerals"
                    ],
                    "Texture": "{{InternalAssetKey: assets/Objects/Jewelry/N_Dolomite.png}}",
                    "SpriteIndex": 0
                },
                "{{ModId}}_Jewelry_N_EarthCrystal": {
                    "Name": "Earth Crystal Necklace",
                    "DisplayName": "Earth Crystal Necklace",
                    "Description": "A finely crafted gold necklace set with a chunk of polished earth crystal.",
                    "Type": "Basic",
                    "Price": 900,
                    "Category": "-26",
                    "Edibility": -300,
                    "ContextTags": [
                        "{{ModId}}",
                        "{{ModId}}_jewelry",
                        "category_gem"
                    ],
                    "Texture": "{{InternalAssetKey: assets/Objects/Jewelry/N_EarthCrystal.png}}",
                    "SpriteIndex": 0
                },
                "{{ModId}}_Jewelry_N_FireOpal": {
                    "Name": "Fire Opal Necklace",
                    "DisplayName": "Fire Opal Necklace",
                    "Description": "A finely crafted gold necklace set with a chunk of polished fire opal.",
                    "Type": "Basic",
                    "Price": 1800,
                    "Category": "-26",
                    "Edibility": -300,
                    "ContextTags": [
                        "{{ModId}}",
                        "{{ModId}}_jewelry",
                        "category_minerals"
                    ],
                    "Texture": "{{InternalAssetKey: assets/Objects/Jewelry/N_FireOpal.png}}",
                    "SpriteIndex": 0
                },
                "{{ModId}}_Jewelry_N_FireQuartz": {
                    "Name": "Fire Quartz Necklace",
                    "DisplayName": "Fire Quartz Necklace",
                    "Description": "A finely crafted gold necklace set with a chunk of polished fire quartz.",
                    "Type": "Basic",
                    "Price": 1050,
                    "Category": "-26",
                    "Edibility": -300,
                    "ContextTags": [
                        "{{ModId}}",
                        "{{ModId}}_jewelry",
                        "category_gem"
                    ],
                    "Texture": "{{InternalAssetKey: assets/Objects/Jewelry/N_FireQuartz.png}}",
                    "SpriteIndex": 0
                },
                "{{ModId}}_Jewelry_N_Fluorapatite": {
                    "Name": "Fluorapatite Necklace",
                    "DisplayName": "Fluorapatite Necklace",
                    "Description": "A finely crafted gold necklace set with a chunk of polished fluorapatite.",
                    "Type": "Basic",
                    "Price": 1350,
                    "Category": "-26",
                    "Edibility": -300,
                    "ContextTags": [
                        "{{ModId}}",
                        "{{ModId}}_jewelry",
                        "category_minerals"
                    ],
                    "Texture": "{{InternalAssetKey: assets/Objects/Jewelry/N_Fluorapatite.png}}",
                    "SpriteIndex": 0
                },
                "{{ModId}}_Jewelry_N_FrozenTear": {
                    "Name": "Frozen Tear Necklace",
                    "DisplayName": "Frozen Tear Necklace",
                    "Description": "A finely crafted gold necklace set with a chunk of polished frozen tear.",
                    "Type": "Basic",
                    "Price": 975,
                    "Category": "-26",
                    "Edibility": -300,
                    "ContextTags": [
                        "{{ModId}}",
                        "{{ModId}}_jewelry",
                        "category_gem"
                    ],
                    "Texture": "{{InternalAssetKey: assets/Objects/Jewelry/N_FrozenTear.png}}",
                    "SpriteIndex": 0
                },
                "{{ModId}}_Jewelry_N_Geminite": {
                    "Name": "Geminite Necklace",
                    "DisplayName": "Geminite Necklace",
                    "Description": "A finely crafted gold necklace set with a chunk of polished geminite.",
                    "Type": "Basic",
                    "Price": 1200,
                    "Category": "-26",
                    "Edibility": -300,
                    "ContextTags": [
                        "{{ModId}}",
                        "{{ModId}}_jewelry",
                        "category_minerals"
                    ],
                    "Texture": "{{InternalAssetKey: assets/Objects/Jewelry/N_Geminite.png}}",
                    "SpriteIndex": 0
                },
                "{{ModId}}_Jewelry_N_Gold": {
                    "Name": "Gold Necklace",
                    "DisplayName": "Gold Necklace",
                    "Description": "A finely crafted gold necklace.",
                    "Type": "Basic",
                    "Price": 810,
                    "Category": "-26",
                    "Edibility": -300,
                    "ContextTags": [
                        "{{ModId}}",
                        "{{ModId}}_jewelry"
                    ],
                    "Texture": "{{InternalAssetKey: assets/Objects/Jewelry/N_Gold.png}}",
                    "SpriteIndex": 0
                },
                "{{ModId}}_Jewelry_N_Helvite": {
                    "Name": "Helvite Necklace",
                    "DisplayName": "Helvite Necklace",
                    "Description": "A finely crafted gold necklace set with a chunk of polished helvite.",
                    "Type": "Basic",
                    "Price": 2100,
                    "Category": "-26",
                    "Edibility": -300,
                    "ContextTags": [
                        "{{ModId}}",
                        "{{ModId}}_jewelry",
                        "category_minerals"
                    ],
                    "Texture": "{{InternalAssetKey: assets/Objects/Jewelry/N_Helvite.png}}",
                    "SpriteIndex": 0
                },
                "{{ModId}}_Jewelry_N_Kyanite": {
                    "Name": "Kyanite Necklace",
                    "DisplayName": "Kyanite Necklace",
                    "Description": "A finely crafted gold necklace set with a chunk of polished kyanite.",
                    "Type": "Basic",
                    "Price": 1500,
                    "Category": "-26",
                    "Edibility": -300,
                    "ContextTags": [
                        "{{ModId}}",
                        "{{ModId}}_jewelry",
                        "category_minerals"
                    ],
                    "Texture": "{{InternalAssetKey: assets/Objects/Jewelry/N_Kyanite.png}}",
                    "SpriteIndex": 0
                },
                "{{ModId}}_Jewelry_N_LemonStone": {
                    "Name": "Lemon Stone Necklace",
                    "DisplayName": "Lemon Stone Necklace",
                    "Description": "A finely crafted gold necklace set with a chunk of polished lemon stone.",
                    "Type": "Basic",
                    "Price": 1500,
                    "Category": "-26",
                    "Edibility": -300,
                    "ContextTags": [
                        "{{ModId}}",
                        "{{ModId}}_jewelry",
                        "category_minerals"
                    ],
                    "Texture": "{{InternalAssetKey: assets/Objects/Jewelry/N_LemonStone.png}}",
                    "SpriteIndex": 0
                },
                "{{ModId}}_Jewelry_N_Malachite": {
                    "Name": "Malachite Necklace",
                    "DisplayName": "Malachite Necklace",
                    "Description": "A finely crafted gold necklace set with a chunk of polished malachite.",
                    "Type": "Basic",
                    "Price": 1500,
                    "Category": "-26",
                    "Edibility": -300,
                    "ContextTags": [
                        "{{ModId}}",
                        "{{ModId}}_jewelry",
                        "category_minerals"
                    ],
                    "Texture": "{{InternalAssetKey: assets/Objects/Jewelry/N_Malachite.png}}",
                    "SpriteIndex": 0
                },
                "{{ModId}}_Jewelry_N_Obsidian": {
                    "Name": "Obsidian Necklace",
                    "DisplayName": "Obsidian Necklace",
                    "Description": "A finely crafted gold necklace set with a chunk of polished obsidian.",
                    "Type": "Basic",
                    "Price": 1350,
                    "Category": "-26",
                    "Edibility": -300,
                    "ContextTags": [
                        "{{ModId}}",
                        "{{ModId}}_jewelry",
                        "category_minerals"
                    ],
                    "Texture": "{{InternalAssetKey: assets/Objects/Jewelry/N_Obsidian.png}}",
                    "SpriteIndex": 0
                },
                "{{ModId}}_Jewelry_N_Opal": {
                    "Name": "Opal Necklace",
                    "DisplayName": "Opal Necklace",
                    "Description": "A finely crafted gold necklace set with a chunk of polished opal.",
                    "Type": "Basic",
                    "Price": 1200,
                    "Category": "-26",
                    "Edibility": -300,
                    "ContextTags": [
                        "{{ModId}}",
                        "{{ModId}}_jewelry",
                        "category_minerals"
                    ],
                    "Texture": "{{InternalAssetKey: assets/Objects/Jewelry/N_Opal.png}}",
                    "SpriteIndex": 0
                },
                "{{ModId}}_Jewelry_N_Orpiment": {
                    "Name": "Orpiment Necklace",
                    "DisplayName": "Orpiment Necklace",
                    "Description": "A finely crafted gold necklace set with a chunk of polished orpiment.",
                    "Type": "Basic",
                    "Price": 990,
                    "Category": "-26",
                    "Edibility": -300,
                    "ContextTags": [
                        "{{ModId}}",
                        "{{ModId}}_jewelry",
                        "category_minerals"
                    ],
                    "Texture": "{{InternalAssetKey: assets/Objects/Jewelry/N_Orpiment.png}}",
                    "SpriteIndex": 0
                },
                "{{ModId}}_Jewelry_N_Quartz": {
                    "Name": "Quartz Necklace",
                    "DisplayName": "Quartz Necklace",
                    "Description": "A finely crafted gold necklace set with a chunk of polished quartz.",
                    "Type": "Basic",
                    "Price": 825,
                    "Category": "-26",
                    "Edibility": -300,
                    "ContextTags": [
                        "{{ModId}}",
                        "{{ModId}}_jewelry",
                        "category_gem"
                    ],
                    "Texture": "{{InternalAssetKey: assets/Objects/Jewelry/N_Quartz.png}}",
                    "SpriteIndex": 0
                },
                "{{ModId}}_Jewelry_N_StarShards": {
                    "Name": "Star Shards Necklace",
                    "DisplayName": "Star Shards Necklace",
                    "Description": "A finely crafted gold necklace set with a chunk of polished star shard.",
                    "Type": "Basic",
                    "Price": 2250,
                    "Category": "-26",
                    "Edibility": -300,
                    "ContextTags": [
                        "{{ModId}}",
                        "{{ModId}}_jewelry",
                        "category_minerals"
                    ],
                    "Texture": "{{InternalAssetKey: assets/Objects/Jewelry/N_StarShards.png}}",
                    "SpriteIndex": 0
                },
                "{{ModId}}_Jewelry_N_Tigerseye": {
                    "Name": "Tigerseye Necklace",
                    "DisplayName": "Tigerseye Necklace",
                    "Description": "A finely crafted gold necklace set with a chunk of polished tigerseye.",
                    "Type": "Basic",
                    "Price": 1575,
                    "Category": "-26",
                    "Edibility": -300,
                    "ContextTags": [
                        "{{ModId}}",
                        "{{ModId}}_jewelry",
                        "category_minerals"
                    ],
                    "Texture": "{{InternalAssetKey: assets/Objects/Jewelry/N_Tigerseye.png}}",
                    "SpriteIndex": 0
                },
                "{{ModId}}_Jewelry_R_Amethyst": {
                    "Name": "Gold Amethyst Ring",
                    "DisplayName": "Gold Amethyst Ring",
                    "Description":  "A finely crafted amethyst ring set in a gold band.",
                    "Type": "Basic",
                    "Price": 1050,
                    "Category": "-26",
                    "Edibility": -300,
                    "ContextTags": [
                        "{{ModId}}",
                        "{{ModId}}_jewelry",
                        "category_gem"
                    ],
                    "Texture": "{{InternalAssetKey: assets/Objects/Jewelry/R_Amethyst.png}}",
                    "SpriteIndex": 0
                },
                "{{ModId}}_Jewelry_R_Aquamarine": {
                    "Name": "Gold Aquamarine Ring",
                    "DisplayName": "Gold Aquamarine Ring",
                    "Description":  "A finely crafted aquamarine ring set in a gold band.",
                    "Type": "Basic",
                    "Price": 1290,
                    "Category": "-26",
                    "Edibility": -300,
                    "ContextTags": [
                        "{{ModId}}",
                        "{{ModId}}_jewelry",
                        "category_gem"
                    ],
                    "Texture": "{{InternalAssetKey: assets/Objects/Jewelry/R_Aquamarine.png}}",
                    "SpriteIndex": 0
                },
                "{{ModId}}_Jewelry_R_Diamond": {
                    "Name": "Gold Diamond Ring",
                    "DisplayName": "Gold Diamond Ring",
                    "Description":  "A finely crafted diamond ring set in a gold band.",
                    "Type": "Basic",
                    "Price": 3000,
                    "Category": "-26",
                    "Edibility": -300,
                    "ContextTags": [
                        "{{ModId}}",
                        "{{ModId}}_jewelry",
                        "category_gem"
                    ],
                    "Texture": "{{InternalAssetKey: assets/Objects/Jewelry/R_Diamond.png}}",
                    "SpriteIndex": 0
                },
                "{{ModId}}_Jewelry_R_Emerald": {
                    "Name": "Gold Emerald Ring",
                    "DisplayName": "Gold Emerald Ring",
                    "Description":  "A finely crafted emerald ring set in a gold band.",
                    "Type": "Basic",
                    "Price": 1500,
                    "Category": "-26",
                    "Edibility": -300,
                    "ContextTags": [
                        "{{ModId}}",
                        "{{ModId}}_jewelry",
                        "category_gem"
                    ],
                    "Texture": "{{InternalAssetKey: assets/Objects/Jewelry/R_Emerald.png}}",
                    "SpriteIndex": 0
                },
                "{{ModId}}_Jewelry_R_Jade": {
                    "Name": "Gold Jade Ring",
                    "DisplayName": "Gold Jade Ring",
                    "Description":  "A finely crafted jade ring set in a gold band.",
                    "Type": "Basic",
                    "Price": 1350,
                    "Category": "-26",
                    "Edibility": -300,
                    "ContextTags": [
                        "{{ModId}}",
                        "{{ModId}}_jewelry",
                        "category_gem"
                    ],
                    "Texture": "{{InternalAssetKey: assets/Objects/Jewelry/R_Jade.png}}",
                    "SpriteIndex": 0
                },
                "{{ModId}}_Jewelry_R_Ruby": {
                    "Name": "Gold Ruby Ring",
                    "DisplayName": "Gold Ruby Ring",
                    "Description":  "A finely crafted ruby ring set in a gold band.",
                    "Type": "Basic",
                    "Price": 1500,
                    "Category": "-26",
                    "Edibility": -300,
                    "ContextTags": [
                        "{{ModId}}",
                        "{{ModId}}_jewelry",
                        "category_gem"
                    ],
                    "Texture": "{{InternalAssetKey: assets/Objects/Jewelry/R_Ruby.png}}",
                    "SpriteIndex": 0
                },
                "{{ModId}}_Jewelry_R_Topaz": {
                    "Name": "Gold Topaz Ring",
                    "DisplayName": "Gold Topaz Ring",
                    "Description":  "A finely crafted topaz ring set in a gold band.",
                    "Type": "Basic",
                    "Price": 990,
                    "Category": "-26",
                    "Edibility": -300,
                    "ContextTags": [
                        "{{ModId}}",
                        "{{ModId}}_jewelry",
                        "category_gem"
                    ],
                    "Texture": "{{InternalAssetKey: assets/Objects/Jewelry/R_Topaz.png}}",
                    "SpriteIndex": 0
                },
                "{{ModId}}_Misc_NecklaceMold": {
                    "Name": "Necklace Mold",
                    "DisplayName": "Necklace Mold",
                    "Description":  "A clay mold to make basic necklaces.",
                    "Type": "Basic",
                    "Price": 20,
                    "Category": "-20",
                    "Edibility": -300,
                    "ContextTags": [
                        "{{ModId}}"
                    ],
                    "Texture": "{{InternalAssetKey: assets/Objects/Misc/NecklaceMold.png}}",
                    "SpriteIndex": 0
                },
                "{{ModId}}_Misc_GoldenChickenStatue": {
                    "Name": "Golden Chicken Statue",
                    "DisplayName": "Golden Chicken Statue",
                    "Description": "A majestic golden chicken statue.",
                    "Type": "Basic",
                    "Price": 900,
                    "Category": "-26",
                    "Edibility": -300,
                    "ContextTags": [
                        "{{ModId}}"
                    ],
                    "Texture": "{{InternalAssetKey: assets/Objects/Misc/GoldenChickenStatue.png}}",
                    "SpriteIndex": 0
                },
                "{{ModId}}_Food_SunshineStew": {
                    "Name": "Sunshine Stew",
                    "DisplayName": "Sunshine Stew",
                    "Description": "A thin stew embued with the essence of the Sun for a refreshing kick!",
                    "Type": "Cooking",
                    "Category": "-7",
                    "Price": 732,
                    "Edibility": 70,
                    "ContextTags": [
                        "{{ModId}}",
                        "{{ModId}}_dwarven_cuisine",
                        "{{ModId}}_fine_dwarven_cuisine"
                    ],
                    "Texture": "{{InternalAssetKey: assets/Objects/Food/SunshineStew.png}}",
                    "SpriteIndex": 0,
                    "Buffs": [
                        {
                            "Id": "eat",
                            "Duration": 1200,
                            "CustomAttributes": {
                                "Speed": 1
                            }
                        }
                    ]
                },
                "{{ModId}}_Food_StonefishSuprise": {
                    "Name": "Stonefish Suprise",
                    "DisplayName": "Stonefish Suprise",
                    "Description": "Grilled Stonefish served over sauteed root vegitables.",
                    "Type": "Cooking",
                    "Category": "-7",
                    "Price": 539,
                    "Edibility": 43,
                    "ContextTags": [
                        "{{ModId}}",
                        "{{ModId}}_dwarven_cuisine",
                        "{{ModId}}_fine_dwarven_cuisine"
                    ],
                    "Texture": "{{InternalAssetKey: assets/Objects/Food/StonefishSuprise.png}}",
                    "SpriteIndex": 0,
                    "Buffs": [
                        {
                            "Id": "eat",
                            "Duration": 600,
                            "CustomAttributes": {
                                "Defense": 2
                            }
                        }
                    ]
                },
                "{{ModId}}_Food_ShadowedStew": {
                    "Name": "Shadowed Stew",
                    "DisplayName": "Shadowed Stew",
                    "Description": "A viscous stew cooked with the vile essence of the Shadow People.",
                    "Type": "Cooking",
                    "Category": "-7",
                    "Price": 2107,
                    "Edibility": 299,
                    "ContextTags": [
                        "{{ModId}}",
                        "{{ModId}}_dwarven_cuisine",
                        "{{ModId}}_fine_dwarven_cuisine"
                    ],
                    "Texture": "{{InternalAssetKey: assets/Objects/Food/ShadowedStew.png}}",
                    "SpriteIndex": 0,
                    "Buffs": [
                        {
                            "Id": "eat",
                            "Duration": 600,
                            "CustomAttributes": {
                                "MiningLevel": 3,
                                "Defense": 3,
                                "Attack": 3,
                                "MaxHealth": -20
                            }
                        }
                    ]
                },
                "{{ModId}}_Food_RockCrabSalad": {
                    "Name": "Rock Crab Salad",
                    "DisplayName": "Rock Crab Salad",
                    "Description": "A delcious algea and rock crab salad.",
                    "Type": "Cooking",
                    "Category": "-7",
                    "Price": 143,
                    "Edibility": 28,
                    "ContextTags": [
                        "{{ModId}}",
                        "{{ModId}}_dwarven_cuisine",
                        "{{ModId}}_basic_dwarven_cuisine"
                    ],
                    "Texture": "{{InternalAssetKey: assets/Objects/Food/RockCrabSalad.png}}",
                    "SpriteIndex": 0
                },
                "{{ModId}}_Food_RoastedCaveFish": {
                    "Name": "Roasted Cave Fish",
                    "DisplayName": "Roasted Cave Fish",
                    "Description": "Roasted fish on a bed of white algae and root vegitables.",
                    "Type": "Cooking",
                    "Category": "-7",
                    "Price": 182,
                    "Edibility": 50,
                    "ContextTags": [
                        "{{ModId}}",
                        "{{ModId}}_dwarven_cuisine",
                        "{{ModId}}_basic_dwarven_cuisine"
                    ],
                    "Texture": "{{InternalAssetKey: assets/Objects/Food/RoastedCaveFish.png}}",
                    "SpriteIndex": 0
                },
                "{{ModId}}_Food_MashedCarrots": {
                    "Name": "Mashed Carrots",
                    "DisplayName": "Mashed Carrots",
                    "Description": "Cave Carrots boiled and mashed. Serve with a thick gravey for added flavor!",
                    "Type": "Cooking",
                    "Category": "-7",
                    "Price": 83,
                    "Edibility": 40,
                    "ContextTags": [
                        "{{ModId}}",
                        "{{ModId}}_dwarven_cuisine",
                        "{{ModId}}_basic_dwarven_cuisine"
                    ],
                    "Texture": "{{InternalAssetKey: assets/Objects/Food/MashedCarrots.png}}",
                    "SpriteIndex": 0
                },
                "{{ModId}}_Food_LavaEelPie": {
                    "Name": "Lava Eel Pie",
                    "DisplayName": "Lava Eel Pie",
                    "Description": "A self-cooking eel pie!  Perfect for travelers!",
                    "Type": "Cooking",
                    "Category": "-7",
                    "Price": 1359,
                    "Edibility": 150,
                    "ContextTags": [
                        "{{ModId}}",
                        "{{ModId}}_dwarven_cuisine",
                        "{{ModId}}_fine_dwarven_cuisine"
                    ],
                    "Texture": "{{InternalAssetKey: assets/Objects/Food/LavaEelPie.png}}",
                    "SpriteIndex": 0,
                    "Buffs": [
                        {
                            "Id": "eat",
                            "Duration": 180,
                            "CustomAttributes": {
                                "Speed": 2,
                                "LuckLevel": 2,
                                "MagnetRadius": 64
                            }
                        }
                    ]
                },
                "{{ModId}}_Food_IcePipSoup": {
                    "Name": "Ice Pip Soup",
                    "DisplayName": "Ice Pip Soup",
                    "Description": "A gazpacho served with with Ice Pips to chill and flavor the soup. Refreshing!",
                    "Type": "Cooking",
                    "Category": "-7",
                    "Price": 1139,
                    "Edibility": 160,
                    "ContextTags": [
                        "{{ModId}}",
                        "{{ModId}}_dwarven_cuisine",
                        "{{ModId}}_fine_dwarven_cuisine"
                    ],
                    "Texture": "{{InternalAssetKey: assets/Objects/Food/IcePipSoup.png}}",
                    "SpriteIndex": 0,
                    "Buffs": [
                        {
                            "Id": "eat",
                            "Duration": 600,
                            "CustomAttributes": {
                                "MaxStamina": 75
                            }
                        }
                    ]
                },
                "{{ModId}}_Food_FriedBatWings": {
                    "Name": "Fried Bat Wings",
                    "DisplayName": "Fried Bat Wings",
                    "Description": "Bland, stringey and tough. Bat Wings fried in oily slime.  A favorite of Dwarvish children the land over!",
                    "Type": "Cooking",
                    "Category": "-7",
                    "Price": 171,
                    "Edibility": 11,
                    "ContextTags": [
                        "{{ModId}}",
                        "{{ModId}}_dwarven_cuisine",
                        "{{ModId}}_basic_dwarven_cuisine"
                    ],
                    "Texture": "{{InternalAssetKey: assets/Objects/Food/FriedBatWings.png}}",
                    "SpriteIndex": 0
                },
                "{{ModId}}_Food_CaveSoup": {
                    "Name": "Cave Soup",
                    "DisplayName": "Cave Soup",
                    "Description": "Algae and Fish Soup. Thin but flavorful.",
                    "Type": "Cooking",
                    "Category": "-7",
                    "Price": 99,
                    "Edibility": 33,
                    "ContextTags": [
                        "{{ModId}}",
                        "{{ModId}}_dwarven_cuisine",
                        "{{ModId}}_basic_dwarven_cuisine"
                    ],
                    "Texture": "{{InternalAssetKey: assets/Objects/Food/CaveSoup.png}}",
                    "SpriteIndex": 0
                },
                "{{ModId}}_Food_CaveChowder": {
                    "Name": "Cave Chowder",
                    "DisplayName": "Cave Chowder",
                    "Description": "A thick fish chowder with winter root for substance.  Traditional lunch of dwarvish mining families.",
                    "Type": "Cooking",
                    "Category": "-7",
                    "Price": 176,
                    "Edibility": 44,
                    "ContextTags": [
                        "{{ModId}}",
                        "{{ModId}}_dwarven_cuisine",
                        "{{ModId}}_fine_dwarven_cuisine"
                    ],
                    "Texture": "{{InternalAssetKey: assets/Objects/Food/CaveChowder.png}}",
                    "SpriteIndex": 0,
                    "Buffs": [
                        {
                            "Id": "eat",
                            "Duration": 180,
                            "CustomAttributes": {
                                "MiningLevel": 1,
                                "MagnetRadius": 32
                            }
                        }
                    ]
                },
                "{{ModId}}_Food_CaveCarrotAuGratin": {
                    "Name": "Cave Carrot Au Gratin",
                    "DisplayName": "Cave Carrot Au Gratin",
                    "Description": "A side dish of sliced cave carrots traditionally preparred with a molerat milk cheese reduction.",
                    "Type": "Cooking",
                    "Category": "-7",
                    "Price": 578,
                    "Edibility": 128,
                    "ContextTags": [
                        "{{ModId}}",
                        "{{ModId}}_dwarven_cuisine",
                        "{{ModId}}_fine_dwarven_cuisine"
                    ],
                    "Texture": "{{InternalAssetKey: assets/Objects/Food/CaveCarrotAuGratin.png}}",
                    "SpriteIndex": 0,
                    "Buffs": [
                        {
                            "Id": "eat",
                            "Duration": 180,
                            "CustomAttributes": {
                                "MiningLevel": 1
                            }
                        }
                    ]
                },
                "{{ModId}}_Food_CaveCarrotStew": {
                    "Name": "Cave Carrot Stew",
                    "DisplayName": "Cave Carrot Stew",
                    "Description": "A rich Cave Carrot and Mushroom Stew. Hardy and filling.",
                    "Type": "Cooking",
                    "Category": "-7",
                    "Price": 589,
                    "Edibility": 126,
                    "ContextTags": [
                        "{{ModId}}",
                        "{{ModId}}_dwarven_cuisine",
                        "{{ModId}}_fine_dwarven_cuisine"
                    ],
                    "Texture": "{{InternalAssetKey: assets/Objects/Food/CaveCarrotStew.png}}",
                    "SpriteIndex": 0,
                    "Buffs": [
                        {
                            "Id": "eat",
                            "Duration": 180,
                            "CustomAttributes": {
                                "MagnetRadius": 32
                            }
                        }
                    ]
                },
                "{{ModId}}_Food_CaveCarrotSoup": {
                    "Name": "Cave Carrot Soup",
                    "DisplayName": "Cave Carrot Soup",
                    "Description": "A basic cave carrot and mushroom soup.",
                    "Type": "Cooking",
                    "Category": "-7",
                    "Price": 171,
                    "Edibility": 73,
                    "ContextTags": [
                        "{{ModId}}",
                        "{{ModId}}_dwarven_cuisine",
                        "{{ModId}}_basic_dwarven_cuisine"
                    ],
                    "Texture": "{{InternalAssetKey: assets/Objects/Food/CaveCarrotSoup.png}}",
                    "SpriteIndex": 0,
                    "Buffs": [
                        {
                            "Id": "eat",
                            "Duration": 180,
                            "CustomAttributes": {
                                "MagnetRadius": 16
                            }
                        }
                    ]
                },
                "{{ModId}}_Food_CaveCarrotRoast": {
                    "Name": "Cave Carrot Roast",
                    "DisplayName": "Cave Carrot Roast",
                    "Description": "A basic dish of roasted cave carrot with a mushroom and slime glaze.",
                    "Type": "Cooking",
                    "Category": "-7",
                    "Price": 121,
                    "Edibility": 36,
                    "ContextTags": [
                        "{{ModId}}",
                        "{{ModId}}_dwarven_cuisine",
                        "{{ModId}}_basic_dwarven_cuisine"
                    ],
                    "Texture": "{{InternalAssetKey: assets/Objects/Food/CaveCarrotRoast.png}}",
                    "SpriteIndex": 0
                },
                "{{ModId}}_Food_CaveCarrotBrulee": {
                    "Name": "Cave Carrot Brulee",
                    "DisplayName": "Cave Carrot Brulee",
                    "Description": "A dish made from a thick molerat milk based creme, infused with shredded cave carrot and toasted to perfection.",
                    "Type": "Cooking",
                    "Category": "-7",
                    "Price": 440,
                    "Edibility": 63,
                    "ContextTags": [
                        "{{ModId}}",
                        "{{ModId}}_dwarven_cuisine",
                        "{{ModId}}_basic_dwarven_cuisine"
                    ],
                    "Texture": "{{InternalAssetKey: assets/Objects/Food/CaveCarrotBrulee.png}}",
                    "SpriteIndex": 0,
                    "Buffs": [
                        {
                            "Id": "eat",
                            "Duration": 180,
                            "CustomAttributes": {
                                "LuckLevel": 1
                            }
                        }
                    ]
                },
                "{{ModId}}_Food_Cavatouille": {
                    "Name": "Cavatouille",
                    "DisplayName": "Cavatouille",
                    "Description": "Root Vegitables and Mushrooms sauteed in a Slime reduction.  An example of fine Dwarvish dining.",
                    "Type": "Cooking",
                    "Category": "-7",
                    "Price": 930,
                    "Edibility": 103,
                    "ContextTags": [
                        "{{ModId}}",
                        "{{ModId}}_dwarven_cuisine",
                        "{{ModId}}_fine_dwarven_cuisine"
                    ],
                    "Texture": "{{InternalAssetKey: assets/Objects/Food/Cavatouille.png}}",
                    "SpriteIndex": 0,
                    "Buffs": [
                        {
                            "Id": "eat",
                            "Duration": 1200,
                            "CustomAttributes": {
                                "MiningLevel": 1,
                                "MagnetRadius": 32
                            }
                        }
                    ]
                },
                "{{ModId}}_Food_BugMeatStew": {
                    "Name": "Bug Meat Stew",
                    "DisplayName": "Bug Meat Stew",
                    "Description": "A basic dish of roasted cave carrot with a mushroom and slime glaze.",
                    "Type": "Cooking",
                    "Category": "-7",
                    "Price": 99,
                    "Edibility": 32,
                    "ContextTags": [
                        "{{ModId}}",
                        "{{ModId}}_dwarven_cuisine",
                        "{{ModId}}_basic_dwarven_cuisine"
                    ],
                    "Texture": "{{InternalAssetKey: assets/Objects/Food/BugMeatStew.png}}",
                    "SpriteIndex": 0
                },
                "{{ModId}}_Food_BugMeatSoup": {
                    "Name": "Bug Meat Soup",
                    "DisplayName": "Bug Meat Soup",
                    "Description": "An oily soup fortified with gooey hunks of bug meat.",
                    "Type": "Cooking",
                    "Category": "-7",
                    "Price": 50,
                    "Edibility": 10,
                    "ContextTags": [
                        "{{ModId}}",
                        "{{ModId}}_dwarven_cuisine",
                        "{{ModId}}_basic_dwarven_cuisine"
                    ],
                    "Texture": "{{InternalAssetKey: assets/Objects/Food/BugMeatSoup.png}}",
                    "SpriteIndex": 0
                },
                "{{ModId}}_Animals_GrubLarva": {
                    "Name": "Grub Larva",
                    "DisplayName": "Grub Larva",
                    "Description": "A small mass of wriggling larva.  Left in an incubation chamber these will grow into grubs.",
                    "Type": "Basic",
                    "Category": "-20",
                    "Price": 15,
                    "Edibility": -300,
                    "ContextTags": [
                        "{{ModId}}"
                    ],
                    "Texture": "{{InternalAssetKey: assets/Animals/GrubLarva.png}}",
                    "SpriteIndex": 0
                }
            }
        },        
        {
            "Action": "EditData",
            "Target": "Data/NPCGiftTastes",
            "TextOperations": [
                {
                    "Operation": "Append",
                    "Target": [
                        "Entries",
                        "Universal_Love"
                    ],
                    "Value": "{{ModId}}_Jewelry_R_Diamond {{ModId}}_Potions_OnePerfectDay",
                    "Delimiter": " "
                },
                {
                    "Operation": "Append",
                    "Target": [
                        "Entries",
                        "Universal_Like"
                    ],
                    "Value": "{{ModId}}_Food_SunshineStew {{ModId}}_Jewelry_R_Topaz {{ModId}}_Jewelry_R_Ruby {{ModId}}_Jewelry_R_Jade {{ModId}}_Jewelry_R_Emerald {{ModId}}_Jewelry_R_Aquamarine {{ModId}}_Jewelry_R_Amethyst {{ModId}}_Jewelry_N_Celestine {{ModId}}_Jewelry_N_Aerinite {{ModId}}_Jewelry_N_Alamite",
                    "Delimiter": " "
                },
                {
                    "Operation": "Append",
                    "Target": [
                        "Entries",
                        "Universal_Neutral"
                    ],
                    "Value": "{{ModId}}_Food_MashedCarrots {{ModId}}_Food_CaveChowder {{ModId}}_Food_CaveCarrotStew {{ModId}}_Food_CaveCarrotSoup {{ModId}}_Potions_FishermansBrew {{ModId}}_Potions_FarmersDraught {{ModId}}_Potions_DistilledSunlight {{ModId}}_Drinks_InfusedSpirit {{ModId}}_Drinks_DwarvenSpirits",
                    "Delimiter": " "
                },
                {
                    "Operation": "Append",
                    "Target": [
                        "Entries",
                        "Universal_Dislike"
                    ],
                    "Value": "{{ModId}}_Food_StonefishSuprise {{ModId}}_Food_ShadowedStew {{ModId}}_Food_RockCrabSalad {{ModId}}_Food_RoastedCaveFish {{ModId}}_Food_LavaEelPie {{ModId}}_Food_IcePipSoup {{ModId}}_Food_CaveSoup {{ModId}}_Food_CaveCarrotAuGratin {{ModId}}_Food_CaveCarrotRoast {{ModId}}_Food_CaveCarrotBrulee {{ModId}}_Food_Cavatouille {{ModId}}_Food_BugMeatStew {{ModId}}_Potions_WoodmansTonic {{ModId}}_Potions_SwordsmansElixir {{ModId}}_Potions_ShadowedElixir {{ModId}}_Potions_MinersDrink",
                    "Delimiter": " "
                },
                {
                    "Operation": "Append",
                    "Target": [
                        "Entries",
                        "Universal_Hate"
                    ],
                    "Value": "{{ModId}}_Food_FriedBatWings {{ModId}}_Food_BugMeatSoup {{ModId}}_CarrotMash",
                    "Delimiter": " "
                },
                //#1 = love, #3 = like, #5 = dislike, #7 = hated, #9 = neutral
                {
                    "Operation": "Append",
                    "Target": [
                        "Fields",
                        "Clint",
                        1
                    ],
                    "Value": "{{ModId}}_Food_ShadowedStew {{ModId}}_Food_RockCrabSalad {{ModId}}_Food_RoastedCaveFish {{ModId}}_Jewelry_R_Topaz {{ModId}}_Jewelry_R_Ruby {{ModId}}_Jewelry_R_Jade {{ModId}}_Jewelry_R_Emerald {{ModId}}_Jewelry_R_Aquamarine {{ModId}}_Jewelry_R_Amethyst",
                    "Delimiter": " "
                },
                {
                    "Operation": "Append",
                    "Target": [
                        "Fields",
                        "Clint",
                        3
                    ],
                    "Value": "{{ModId}}_Food_LavaEelPie {{ModId}}_Food_CaveSoup {{ModId}}_Food_CaveChowder {{ModId}}_Potions_SwordsmansElixir {{ModId}}_Potions_MinersDrink",
                    "Delimiter": " "
                },
                {
                    "Operation": "Append",
                    "Target": [
                        "Fields",
                        "Dwarf",
                        1
                    ],
                    "Value": "{{ModId}}_Food_SunshineStew {{ModId}}_Food_StonefishSuprise {{ModId}}_Food_ShadowedStew {{ModId}}_Food_RockCrabSalad {{ModId}}_Food_RoastedCaveFish {{ModId}}_Food_MashedCarrots {{ModId}}_Food_LavaEelPie {{ModId}}_Food_IcePipSoup {{ModId}}_Food_FriedBatWings {{ModId}}_Food_CaveSoup {{ModId}}_Food_CaveChowder {{ModId}}_Food_CaveCarrotAuGratin {{ModId}}_Food_CaveCarrotStew {{ModId}}_Food_CaveCarrotSoup {{ModId}}_Food_CaveCarrotRoast {{ModId}}_Food_CaveCarrotBrulee {{ModId}}_Food_Cavatouille {{ModId}}_Food_BugMeatStew {{ModId}}_Food_BugMeatSoup {{ModId}}_Jewelry_R_Topaz {{ModId}}_Jewelry_R_Ruby {{ModId}}_Jewelry_R_Jade {{ModId}}_Jewelry_R_Emerald {{ModId}}_Jewelry_R_Aquamarine {{ModId}}_Jewelry_R_Amethyst {{ModId}}_Potions_WoodmansTonic {{ModId}}_Potions_SwordsmansElixir {{ModId}}_Potions_ShadowedElixir {{ModId}}_Potions_MinersDrink {{ModId}}_Potions_FishermansBrew {{ModId}}_Potions_FarmersDraught {{ModId}}_Potions_DistilledSunlight {{ModId}}_Drinks_InfusedSpirit {{ModId}}_Drinks_DwarvenSpirits",
                    "Delimiter": " "
                },
                {
                    "Operation": "Append",
                    "Target": [
                        "Fields",
                        "Gus",
                        3
                    ],
                    "Value": "{{ModId}}_Food_StonefishSuprise {{ModId}}_Food_RockCrabSalad {{ModId}}_Food_LavaEelPie {{ModId}}_Food_IcePipSoup {{ModId}}_Food_CaveChowder {{ModId}}_Potions_FishermansBrew {{ModId}}_Potions_FarmersDraught {{ModId}}_Drinks_InfusedSpirit {{ModId}}_Drinks_DwarvenSpirits",
                    "Delimiter": " "
                },
                {
                    "Operation": "Append",
                    "Target": [
                        "Fields",
                        "Haley",
                        1
                    ],
                    "Value": "{{ModId}}_Food_SunshineStew",
                    "Delimiter": " "
                },
                {
                    "Operation": "Append",
                    "Target": [
                        "Fields",
                        "Haley",
                        3
                    ],
                    "Value": "{{ModId}}_Food_StonefishSuprise {{ModId}}_Food_ShadowedStew {{ModId}}_Food_RockCrabSalad {{ModId}}_Food_LavaEelPie {{ModId}}_Potions_FishermansBrew {{ModId}}_Potions_FarmersDraught {{ModId}}_Potions_DistilledSunlight",
                    "Delimiter": " "
                },
                {
                    "Operation": "Append",
                    "Target": [
                        "Fields",
                        "Haley",
                        7
                    ],
                    "Value": "{{ModId}}_Food_RoastedCaveFish {{ModId}}_Food_IcePipSoup {{ModId}}_Food_CaveSoup {{ModId}}_Food_CaveChowder {{ModId}}_Food_CaveCarrotAuGratin {{ModId}}_Food_CaveCarrotStew {{ModId}}_Food_CaveCarrotSoup {{ModId}}_Food_CaveCarrotBrulee {{ModId}}_Food_Cavatouille {{ModId}}_Food_BugMeatStew {{ModId}}_Potions_SwordsmansElixir {{ModId}}_Potions_ShadowedElixir {{ModId}}_Potions_MinersDrink {{ModId}}_Drinks_InfusedSpirit {{ModId}}_Drinks_DwarvenSpirits",
                    "Delimiter": " "
                },
                {
                    "Operation": "Append",
                    "Target": [
                        "Fields",
                        "Jas",
                        3
                    ],
                    "Value": "{{ModId}}_Food_StonefishSuprise {{ModId}}_Food_FriedBatWings",
                    "Delimiter": " "
                },
                {
                    "Operation": "Append",
                    "Target": [
                        "Fields",
                        "Jas",
                        5
                    ],
                    "Value": "{{ModId}}_Food_SunshineStew {{ModId}}_Food_LavaEelPie {{ModId}}_Food_CaveChowder {{ModId}}_Food_CaveCarrotStew {{ModId}}_Food_CaveCarrotSoup {{ModId}}_Potions_FishermansBrew {{ModId}}_Potions_FarmersDraught {{ModId}}_Potions_DistilledSunlight {{ModId}}_Drinks_InfusedSpirit {{ModId}}_Drinks_DwarvenSpirit",
                    "Delimiter": " "
                },
                {
                    "Operation": "Append",
                    "Target": [
                        "Fields",
                        "Krobus",
                        1
                    ],
                    "Value": "{{ModId}}_Food_SunshineStew {{ModId}}_Food_StonefishSuprise {{ModId}}_Food_RoastedCaveFish {{ModId}}_Food_LavaEelPie {{ModId}}_Food_IcePipSoup {{ModId}}_Food_FriedBatWings {{ModId}}_Food_CaveSoup {{ModId}}_Food_Cavatouille",
                    "Delimiter": " "
                },
                {
                    "Operation": "Append",
                    "Target": [
                        "Fields",
                        "Krobus",
                        3
                    ],
                    "Value": "{{ModId}}_Food_MashedCarrots {{ModId}}_Food_CaveChowder {{ModId}}_Food_CaveCarrotAuGratin {{ModId}}_Food_CaveCarrotStew {{ModId}}_Food_CaveCarrotSoup {{ModId}}_Food_CaveCarrotRoast {{ModId}}_Food_CaveCarrotBrulee {{ModId}}_Food_BugMeatStew {{ModId}}_Food_BugMeatSoup",
                    "Delimiter": " "
                },
                {
                    "Operation": "Append",
                    "Target": [
                        "Fields",
                        "Krobus",
                        7
                    ],
                    "Value": "{{ModId}}_Food_ShadowedStew {{ModId}}_Food_RockCrabSalad {{ModId}}_Potions_WoodmansTonic {{ModId}}_Potions_ShadowedElixir {{ModId}}_Potions_FishermansBrew {{ModId}}_Potions_FarmersDraught {{ModId}}_Potions_DistilledSunlight {{ModId}}_Drinks_InfusedSpirit {{ModId}}_Drinks_DwarvenSpirits",
                    "Delimiter": " "
                },
                {
                    "Operation": "Append",
                    "Target": [
                        "Fields",
                        "Linus",
                        3
                    ],
                    "Value": "{{ModId}}_Food_StonefishSuprise {{ModId}}_Food_ShadowedStew {{ModId}}_Food_RockCrabSalad {{ModId}}_Food_RoastedCaveFish {{ModId}}_Food_MashedCarrots {{ModId}}_Food_IcePipSoup {{ModId}}_Food_FriedBatWings {{ModId}}_Food_CaveSoup {{ModId}}_Food_CaveChowder {{ModId}}_Food_CaveCarrotAuGratin {{ModId}}_Food_CaveCarrotStew {{ModId}}_Food_CaveCarrotSoup {{ModId}}_Food_CaveCarrotRoast {{ModId}}_Food_CaveCarrotBrulee {{ModId}}_Food_Cavatouille {{ModId}}_Food_BugMeatStew {{ModId}}_Food_BugMeatSoup {{ModId}}_Potions_WoodmansTonic {{ModId}}_Potions_SwordsmansElixir {{ModId}}_Potions_ShadowedElixir {{ModId}}_Potions_MinersDrink {{ModId}}_Potions_FishermansBrew {{ModId}}_Potions_FarmersDraught {{ModId}}_Potions_DistilledSunlight {{ModId}}_Drinks_InfusedSpirit {{ModId}}_Drinks_DwarvenSpirits",
                    "Delimiter": " "
                },
                {
                    "Operation": "Append",
                    "Target": [
                        "Fields",
                        "Linus",
                        5
                    ],
                    "Value": "{{ModId}}_Jewelry_N_Aerinite",
                    "Delimiter": " "
                },
                {
                    "Operation": "Append",
                    "Target": [
                        "Fields",
                        "Pam",
                        3
                    ],
                    "Value": "{{ModId}}_Food_StonefishSuprise {{ModId}}_Food_RoastedCaveFish {{ModId}}_Food_LavaEelPie {{ModId}}_Food_CaveChowder {{ModId}}_Food_CaveCarrotAuGratin {{ModId}}_Potions_WoodmansTonic {{ModId}}_Potions_FishermansBrew {{ModId}}_Potions_FarmersDraught {{ModId}}_Potions_DistilledSunlight {{ModId}}_Drinks_InfusedSpirit {{ModId}}_Drinks_DwarvenSpirits",
                    "Delimiter": " "
                },
                {
                    "Operation": "Append",
                    "Target": [
                        "Fields",
                        "Penny",
                        7
                    ],
                    "Value": "{{ModId}}_Food_SunshineStew {{ModId}}_Food_LavaEelPie {{ModId}}_Food_IcePipSoup {{ModId}}_Food_CaveChowder {{ModId}}_Food_CaveCarrotStew {{ModId}}_Food_CaveCarrotSoup {{ModId}}_Food_BugMeatStew {{ModId}}_Potions_ShadowedElixir {{ModId}}_Potions_MinersDrink {{ModId}}_Drinks_InfusedSpirit {{ModId}}_Drinks_DwarvenSpirits",
                    "Delimiter": " "
                },
                {
                    "Operation": "Append",
                    "Target": [
                        "Fields",
                        "Pierre",
                        5
                    ],
                    "Value": "{{ModId}}_Food_SunshineStew {{ModId}}_Food_CaveChowder {{ModId}}_Food_CaveCarrotStew {{ModId}}_Food_CaveCarrotSoup {{ModId}}_Potions_FishermansBrew {{ModId}}_Potions_FarmersDraught {{ModId}}_Potions_DistilledSunlight {{ModId}}_Jewelry_N_Aerinite",
                    "Delimiter": " "
                },
                {
                    "Operation": "Append",
                    "Target": [
                        "Fields",
                        "Robin",
                        1
                    ],
                    "Value": "{{ModId}}_Food_LavaEelPie {{ModId}}_Potions_WoodmansTonic",
                    "Delimiter": " "
                },
                {
                    "Operation": "Append",
                    "Target": [
                        "Fields",
                        "Vincent",
                        3
                    ],
                    "Value": "{{ModId}}_Food_ShadowedStew {{ModId}}_Food_LavaEelPie {{ModId}}_Food_FriedBatWings",
                    "Delimiter": " "
                },
                {
                    "Operation": "Append",
                    "Target": [
                        "Fields",
                        "Vincent",
                        5
                    ],
                    "Value": "{{ModId}}_Food_SunshineStew {{ModId}}_Food_CaveChowder {{ModId}}_Food_CaveCarrotStew {{ModId}}_Food_CaveCarrotSoup {{ModId}}_Potions_FishermansBrew {{ModId}}_Potions_FarmersDraught {{ModId}}_Potions_DistilledSunlight {{ModId}}_Drinks_InfusedSpirit {{ModId}}_Drinks_DwarvenSpirit",
                    "Delimiter": " "
                },
                {
                    "Operation": "Append",
                    "Target": [
                        "Fields",
                        "Willy",
                        1
                    ],
                    "Value": "{{ModId}}_Food_StonefishSuprise {{ModId}}_Food_RoastedCaveFish {{ModId}}_Food_LavaEelPie {{ModId}}_Food_IcePipSoup {{ModId}}_Food_CaveCarrotStew {{ModId}}_Potions_FishermansBrew",
                    "Delimiter": " "
                },
                {
                    "Operation": "Append",
                    "Target": [
                        "Fields",
                        "Willy",
                        9
                    ],
                    "Value": "{{ModId}}_Food_SunshineStew {{ModId}}_Food_FriedBatWings {{ModId}}_Food_CaveSoup {{ModId}}_Food_CaveChowder {{ModId}}_Food_CaveCarrotAuGratin {{ModId}}_Food_CaveCarrotRoast {{ModId}}_Food_CaveCarrotBrulee {{ModId}}_Food_BugMeatStew {{ModId}}_Food_BugMeatSoup {{ModId}}_Potions_WoodmansTonic {{ModId}}_Potions_SwordsmansElixir {{ModId}}_Potions_ShadowedElixir",
                    "Delimiter": " "
                },
                {
                    "Operation": "Append",
                    "Target": [
                        "Fields",
                        "Wizard",
                        1
                    ],
                    "Value": "{{ModId}}_Food_SunshineStew {{ModId}}_Food_RoastedCaveFish {{ModId}}_Food_LavaEelPie {{ModId}}_Potions_SwordsmansElixir {{ModId}}_Potions_FishermansBrew {{ModId}}_Potions_FarmersDraught {{ModId}}_Potions_DistilledSunlight {{ModId}}_Drinks_InfusedSpirit",
                    "Delimiter": " "
                },
                {
                    "Operation": "Append",
                    "Target": [
                        "Fields",
                        "Wizard",
                        3
                    ],
                    "Value": "{{ModId}}_Food_ShadowedStew {{ModId}}_Food_CaveSoup {{ModId}}_Food_CaveChowder {{ModId}}_Food_CaveCarrotAuGratin {{ModId}}_Food_CaveCarrotStew {{ModId}}_Food_CaveCarrotSoup {{ModId}}_Food_CaveCarrotRoast {{ModId}}_Food_CaveCarrotBrulee {{ModId}}_Food_Cavatouille {{ModId}}_Drinks_DwarvenSpirits",
                    "Delimiter": " "
                },
                {
                    "Operation": "Append",
                    "Target": [
                        "Fields",
                        "Wizard",
                        9
                    ],
                    "Value": "{{ModId}}_Food_StonefishSuprise {{ModId}}_Food_IcePipSoup {{ModId}}_Food_FriedBatWings {{ModId}}_Food_BugMeatStew {{ModId}}_Food_BugMeatSoup {{ModId}}_Potions_WoodmansTonic {{ModId}}_Potions_ShadowedElixir",
                    "Delimiter": " "
                },
            ]
        }
    ]
}