{
    "Changes": [
        {
            "Action": "EditData",
            "Target": "Data/CraftingRecipes",
            "Entries": {
                "Prismatic Dust": "{{ModId}}_MineralDust_DiamondDust 1 {{ModId}}_MineralDust_JadeDust 1 {{ModId}}_MineralDust_TopazDust 1 {{ModId}}_MineralDust_AmethystDust 1 {{ModId}}_MineralDust_RubyDust 1 {{ModId}}_MineralDust_AquamarineDust 1 {{ModId}}_MineralDust_EmeraldDust 1/Home/{{ModId}}_MineralDust_PrismaticDust/false/Mining 10/"
            }
        },
        {
            "Action": "EditData",
            "Target": "Data/CraftingRecipes",
            "Entries": {
                "Necklace Mold": "330 1/Home/{{ModId}}_Misc_NecklaceMold/false/Mining 5/"
            },
            "When": {
                "EnabledMachines": "JewelryMaker"
            }
        },
        {
            "Action": "EditData",
            "Target": "Data/CookingRecipes",
            "Entries": {
                "Magic Rock Candy": "{{ModId}}_MineralDust_PrismaticDust 3 388 1/25 2/279/Mining 10/",
                "Sunshine Stew": "768 1 412 5 78 5 420 1 157 3/25 2/{{ModId}}_Food_SunshineStew/none",
                "Stonefish Suprise": "158 1 412 2 78 2/25 2/{{ModId}}_Food_StonefishSuprise/none",
                "Shadowed Stew": "769 2 412 5 78 5 422 5 767 6/25 2/{{ModId}}_Food_ShadowedStew/none",
                "Rock Crab Salad": "153 2 717 1/25 2/{{ModId}}_Food_RockCrabSalad/none",
                "Roasted Cave Fish": "-4 1 157 1 412 1 78 1/25 2/{{ModId}}_Food_RoastedCaveFish/none",
                "Mashed Carrots": "78 3/25 2/{{ModId}}_Food_MashedCarrots/default",
                "Lava Eel Pie": "162 1 412 3 78 3 422 1/25 2/{{ModId}}_Food_LavaEelPie/none",
                "Ice Pip Soup": "161 1 412 5 78 5 153 4/25 2/{{ModId}}_Food_IcePipSoup/none",
                "Fried Bat Wings": "767 6 766 1/25 2/{{ModId}}_Food_FriedBatWings/default",
                "Cave Soup": "-4 1 153 3/25 2/{{ModId}}_Food_CaveSoup/none",
                "Cave Chowder": "-4 1 153 3 412 1/25 2/{{ModId}}_Food_CaveChowder/none",
                "Cave Carrot Au Gratin": "78 3 424 1 -6 2/25 2/{{ModId}}_Food_CaveCarrotAuGratin/none",
                "Cave Carrot Stew": "78 3 412 1 404 2 281 1 257 1/25 2/{{ModId}}_Food_CaveCarrotStew/none",
                "Cave Carrot Soup": "78 3 404 2/25 2/{{ModId}}_Food_CaveCarrotSoup/none",
                "Cave Carrot Roast": "78 1 766 1 404 2/25 2/{{ModId}}_Food_CaveCarrotRoast/none",
                "Cave Carrot Brulee": "78 1 -6 3/25 2/{{ModId}}_Food_CaveCarrotBrulee/none",
                "Cavatouille": "78 2 422 2 420 2 412 2 766 1/25 2/{{ModId}}_Food_Cavatouille/none",
                "Bug Meat Stew": "684 5 78 2/25 2/{{ModId}}_Food_BugMeatStew/none",
                "Bug Meat Soup": "684 5 766 1/25 2/{{ModId}}_Food_BugMeatSoup/default"
            },
            "When": {
                "EnabledCookingRecipes": "true"
            }
        },
        {
            "Action": "EditData",
            "Target": "Data/Shops",
            "TargetField": [
                "Dwarf",
                "Items"
            ],
            "Entries": {
                "{{ModId}}_BasicDwarvenRecipies": {
                    "ID": "{{ModId}}_BasicCookingRecipes",
                    "ItemId": "RANDOM_ITEMS (O)",
                    "MaxItems": 1,
                    "PerItemCondition": "ITEM_CONTEXT_TAG Target {{ModId}}_basic_dwarven_cuisine, !PLAYER_HAS_COOKING_RECIPE Current Target",
                    "IsRecipe": true,
                    "AvoidRepeat": true,
                    "Price": "1000"
                }
            },
            "When": {
                "EnabledCookingRecipes": "true"
            }
        },
        {
            "Action": "EditData",
            "Target": "Data/Shops",
            "TargetField": [
                "Dwarf",
                "Items"
            ],
            "Entries": {
                "{{ModId}}_FineCookingRecipes": {
                    "ID": "{{ModId}}_FineCookingRecipes",
                    "ItemId": "RANDOM_ITEMS (O)",
                    "MaxItems": 1,
                    "PerItemCondition": "ITEM_CONTEXT_TAG Target {{ModId}}_fine_dwarven_cuisine, !PLAYER_HAS_COOKING_RECIPE Current Target",
                    "Condition": "ANY \"PLAYER_FRIENDSHIP_POINTS Current Dwarf 750\" \"MINE_LOWEST_LEVEL_REACHED 120\"",
                    "IsRecipe": true,
                    "AvoidRepeat": true,
                    "Price": "2500"
                }
            },
            "When": {
                "EnabledCookingRecipes": "true"
            }
        }
    ]
}