{
    "Format": "2.0.0",
    "ConfigSchema": {
        "EnabledMachines": {
            "AllowValues": "GemPolisher, Pulverizer, DwarvenStill, AlchemyBench, JewelryMaker",
            "AllowMultiple": true,
            "AllowBlank": true,
            "Default": "GemPolisher, Pulverizer, DwarvenStill, AlchemyBench, JewelryMaker"
        },
        "EnabledCookingRecipes": {
            "AllowValues": "true, false",
            "Default": "true"
        },
        "EnabledAnimals": {
            "AllowValues": "Grub,CopperCrab,IronCrab,GoldCrab,IridiumCrab,Molerat",
            "AllowMultiple": true,
            "AllowBlank": true,
            "Default": "Grub,CopperCrab,IronCrab,GoldCrab,IridiumCrab,Molerat"
        }
    },
    "Changes": [
        {
            "Action": "Include",
            "FromFile": "assets/Objects/objects.json"
        },
        {
            "Action": "Include",
            "FromFile": "assets/Objects/recipes.json"
        },
        {
            "Action": "Include",
            "FromFile": "assets/Animals/grub.json",
            "When": {
                "EnabledAnimals": "Grub"
            }
        },
        {
            "Action": "Include",
            "FromFile": "assets/Animals/nakedmolerat.json",
            "When": {
                "EnabledAnimals": "Molerat"
            }
        },
        {
            "Action": "Include",
            "FromFile": "assets/Animals/coppercrab.json",
            "When": {
                "EnabledAnimals": "CopperCrab"
            }
        },
        {
            "Action": "Include",
            "FromFile": "assets/Animals/ironcrab.json",
            "When": {
                "EnabledAnimals": "IronCrab"
            }
        },
        {
            "Action": "Include",
            "FromFile": "assets/Animals/goldcrab.json",
            "When": {
                "EnabledAnimals": "GoldCrab"
            }
        },
        {
            "Action": "Include",
            "FromFile": "assets/Animals/iridiumcrab.json",
            "When": {
                "EnabledAnimals": "IridiumCrab"
            }
        },
        {
            "Action": "EditData",
            "Target": "Data/Buildings",
            "Fields": {
                "Coop": {
                    "AllowAnimalPregnancy": true
                }
            },
            "When": {
                "EnabledAnimals": "CopperCrab,IronCrab,GoldCrab,IridiumCrab"
            }
        },
        {
            "Action": "EditData",
            "Target": "Data/Buildings",
            "Fields": {
                "Big Coop": {
                    "AllowAnimalPregnancy": true
                }
            },
            "When": {
                "EnabledAnimals": "CopperCrab,IronCrab,GoldCrab,IridiumCrab"
            }
        },
        {
            "Action": "EditData",
            "Target": "Data/Buildings",
            "Fields": {
                "Deluxe Coop": {
                    "AllowAnimalPregnancy": true
                }
            },
            "When": {
                "EnabledAnimals": "CopperCrab,IronCrab,GoldCrab,IridiumCrab"
            }
        },
        {
            "Action": "Include",
            "FromFile": "assets/BigCraftables/GemPolisher/big-craftable.json",
            "When": {
                "EnabledMachines": "GemPolisher"
            }
        },
        {
            "Action": "Include",
            "FromFile": "assets/BigCraftables/Pulverizer/big-craftable.json",
            "When": {
                "EnabledMachines": "Pulverizer"
            }
        },
        {
            "Action": "Include",
            "FromFile": "assets/BigCraftables/DwarvenStill/big-craftable.json",
            "When": {
                "EnabledMachines": "DwarvenStill"
            }
        },
        {
            "Action": "Include",
            "FromFile": "assets/BigCraftables/AlchemyBench/big-craftable.json",
            "When": {
                "EnabledMachines": "AlchemyBench"
            }
        },
        {
            "Action": "Include",
            "FromFile": "assets/BigCraftables/JewelryMaker/big-craftable.json",
            "When": {
                "EnabledMachines": "JewelryMaker"
            }
        }
    ]
}